uid,question,gold,n_disagree,lemma_classes,nli_classes,samples,types
175,В какой легкоатлетической дисциплине олимпийский рекорд Боба Бимона 1968 года был побит только в 1991,прыжок в длину; прыжки в длину; broad jump,45,1,10,100 метров | 100 метров | 100 метров | 100 метров | 100 метров | 100 метров | 100 метров | 100 метров | 100 метров | 100 метров,split_identical
698,"Кем впоследствии стал студент Дуайт Филли Дэвис, разработчик и один из основателей кубка Дэвиса?",Генерал-губернатор Филиппин; Governor-General of the Philippines; военный министр США,45,2,9,tennis player | tennis player | tennis player | tennis player | tennis player | Теннисист | tennis player | tennis player | tennis player | tennis player,"merge_degenerate, split_degenerate"
6632,В каком месяце произошло Бородинское сражение?,9; девять,45,10,1,Август | август | август | Август | Август | Август | август | Август | август | Август,merge_subset
6633,Когда возникло Древнерусское государство?,0860-01-01T00:00:00Z,45,10,1,IX век | IX век | IX век | IX век | IX век | IX век | IX век | IX век | IX век | IX век,merge_subset
6748,В каком месяце произошел взрыв в Чернобыле?,4; четыре,45,10,1,апрель | апрель | апрель | апрель | апрель | апрель | Апрель | апрель | апрель | апрель,merge_subset
6751,В каком месяце произошло восстание декабристов?,12,45,10,1,декабрь | декабрь | декабрь | декабрь | декабрь | декабрь | декабрь | декабрь | декабрь | Декабрь,merge_subset
7049,При какой температуре плавится медь?,1083; 1981,45,1,10,1083°C | 1083°C | 1083°C | 1083°C | 1083°C | 1083°C | 1083°C | 1083°C | 1083°C | 1083°C,split_identical
7060,В каком месяце убили Цезаря?,3; три,45,10,1,Март | Март | Март | Март | марта | марта | Март | марте | Марта | Март,"merge_other, merge_subset"
756,Столицей какой республики СССР был город Фрунзе?,Киргизская Советская Социалистическая Республика; Киргизия; КиргССР,43,8,1,Кыргызская Советская Социалистическая Республика | Кыргызской Республики | Киргизская советская социалистическая республи | Киргизская ССР | Кыргызская Советская Социалистическая Республика | Кыргызская ССР | Киргизская Республика | Киргизская苏维埃共和国 | Киргизской | Киргизской,"merge_degenerate, merge_other"
3112,Где находится Международный банк реконструкции и развития (МБРР)?,"Вашингтон; Вашингтон, ОК; Вашингтон, Округ Колумбия",40,8,2,"Вашингтон д.к. | Вашингтон DC | Вашингтон DC | Вashington, D.C. | Вашингтон Децертрейк, США | Вашингтон Д C | Вашингтон DC | Вашингтон Д.C., США | Вашингтон д.н. | Вашингтон Децember","merge_degenerate, merge_other, merge_subset"
70,"Какую стезю избрал на пятом десятке француз Мишель де Монтень, вдоволь посражавшись на стороне Генриха IV, кем он стал?",писатель; писательница; автор,36,3,8,Писатель | filosof | filosof | filosof | filosof | filosof | filosof | Философ | filosof | Философ,"merge_degenerate, split_degenerate, split_identical"
6445,Кто написал известную трилогию о хоббитах?,"Джон Рональд Руэл Толкин; Джон Толкин; Толкиен, Джон Роналд Руэл",36,6,1,J.R.R. Tolkien | Джон Рэнольдсон Толкин | J.R.R. Tolkien | Дж. Р. Р. Толкин | Джон Ротондо Толкин | Джон Рэльф Толкин | J.R.R. Tolkien | Джон Ротондо Толкин | Джон Рональд Руэл Толкин | Дж.Р.Р. Толкин,"merge_degenerate, merge_other"
6417,Где штаб-квартира ЦРУ?,Виргиния; Вирджиния; Old Dominion,35,4,1,"Вашингтон Д.C., США | Вашингтон ДК | Вашингтон Д C | Вашингтон Д.C., США | Вашингтон Д.C., США | Вашингтон Д.C., США | Вашингтон Д.К. | Вашингтон Д.К. | Вашингтон ДК | Вашингтон ДК","merge_other, merge_subset"
7026,Когда учреждена должность президента РФ?,1991-06-12T00:00:00Z,35,1,4,1991-10-12 | 1991-12-08 | 1991 | 1991-10-12 | 1991 | 1991-12-12 | 1991-10-12 | 1991 | 1991-10-12 | 1991-12-12,split_form
7116,Сколько месяцев длилась Великая Отечественная война?,47; 164,35,1,4,4 года 2 месяца | 4 года 7 месяцев | 4 года 7 месяцев | 4년 | 4 года 7 месяцев | 4 года 7 месяцев | 4年 | 4 года 8 месяцев и 20 дней | 4年 | 4 года 8 месяцев и 20 дней,"split_degenerate, split_form"
6628,В каком году был основан Рим?,-752,34,1,5,753 trước基督未完成，请等待用户输入更多问题或完成问题 | 753 перед н.э. | 753前缀号不需要翻译，请直接按照数字格式回答：7 | 753 перед н.э. | 753_before_Christ | 753 | 753 trước Christ | 753前缀数字需要转换为英文格式。以下是修改后的版本 | 753 trước Christ | 753 перед нашествием язычников,"split_degenerate, split_form"
124,Основателем какой китайской династии был Сяо Янь,Лян; Династия Лян; Liang dynasty,33,4,1,СунDynasty | Сун династия | Сунская династия | Сунская династия | Сун | Сун | Сун | Сунская династия | Сун | Сунская династия,"merge_degenerate, merge_other, merge_subset"
206,В каком стиле работал архитектор Растрелли?,барокко; Елизаветинское Барокко; Baroque,33,3,1,barокко | barocco | barocco | barокко | baroque | Baroque | barocco | barocco | Baroque | barокко,merge_degenerate
518,Кем был Святослав Рихтер?,композитор; composer; музыка,33,3,1,Пianист | Пианист | Пianist | пианист | Пianist | Пianist | Пianист | Пианист | Пианист | Пianист,"merge_degenerate, merge_other"
858,Какая река имеет притоки Уругвай и Парагвай?,Парана; Паранá; Paraná River,33,3,1,Рио де la Платта | Рио де la.Plata | Рио де la Платта | Рио де la Plata | Рио де la Платта | Рио де la Plata | Рио-де- la-Платы | Рио де la Плата | Рио де la Плата | Рио-де- la-Плата,"merge_degenerate, merge_other"
6379,Какое административное деление Чехии?,Прага; Столица Чехии; Праг,33,4,1,регионы | регионы | regióny | регионы | Region | regiony | regióny | регионы | округа | regióny,"merge_degenerate, merge_other"
6535,В каком стиле строил Растрелли?,барокко; Елизаветинское Барокко; Baroque,33,4,1,barокко | barокко | barокко | baroque | baroque | barокко | barокко | barocco | barocco | barokko,merge_degenerate
6756,Когда был основан Аварский каганат?,0562-01-01T00:00:00Z,33,10,2,6th век | 6世纪中期 | 6th век | 6th век | 6th century BCE | 6th century | 6th век | 6th century | 6th century | 6th век,"merge_other, merge_subset"
783,В каком городе находится штаб-квартира Международного комитета Красного Креста?,Женева; Genève; Geneve,32,7,2,Генève | Генаève | Гена́вр | Гeneva | Генаэвна | Гeneva | Гeneva | Генаève | Генауа | Генаэля,"merge_degenerate, merge_other"
6131,Кто разработчик Fortnite?,Epic Games; Epic MegaGames; Potomac Computer Systems,32,3,1,Epic Games | Эpic Games | Эpic Spiele | Эpic Spiele | Epic Games | Эpic Spiele | Эpic Games | EPIC Games | Эpic Spiele | Epic Games,merge_other
6018,Какой пост занимает Шойгу?,губернатор Московской области; Governor of Moscow Oblast; губернатора Московской области,31,3,1,Министр обороны РФ | Министр обороны Российской Федерации | Министр обороны | Министр обороны Российской Федерации | Министр обороны РФ | Министр обороны Российской Федерации | Министр обороны РФ | Министр обороны Российской Федерации | Министр обороны | Министр обороны Российской Федерации,"merge_other, merge_subset"
6411,В какой лиге играет Черноморец?,Вторая лига Украины по футболу; Вторая лига Украины; Ukrainian Second League,31,3,1,Украинская Премьер-лига | Украинской Премьер-лиге | Премьер-лига | Украинской Премьер-лиге | Премьер-лига | Украинская Премьер-лига | Украинская Премьер-лига | Премьер-лига | Премьер-лига | Премьер-лига,"merge_other, merge_subset"
6211,Какая компания владеет сервисом Youtube?,Google; Гугл; Google LLC,30,6,2,Гoogle | Google | 谷歌母公司 Alphabet | Гугл | Гoogle | Аллоды Онлайн | Google母公司Alphabet | Google | Google | Гoogle,merge_degenerate
6530,В каком направлении творил Сальвадор Дали?,сюрреализм; Сюрреалист; surrealism,30,7,2,")?$ Salvador Dali творил в направлении сюрреализма | СURREALISM | )?$ | )?$Salvador%Dalí%属于超现实主义。 | ',// surrealist | Сюрреализм | Сюрреализм | )?$ (необходимо указать направление, например ""сurre | сюрреализм | Сюрреализм",merge_degenerate
278,Кто изобрёл фонограф - устройство для записи и воспроизведения голоса?,Томас Алва Эдисон; Эдисон Томас Алва; Томас Эдисон,29,3,1,Эдисон | Томас Эдисон | Томас Эдисон | Эдисон | Томас Эдисон | Эдисон | Томас Эдисон | Т Thomas Alva Edison | Эдисон | Эдисон,"merge_degenerate, merge_subset"
350,Какой город является столицей государства Руанда?,Кигали; Kigali,29,3,1,Киги́и | Киги́и | Кигали | Киги́红外线传感器 | Кигали | Киги́и | Киги́и | Кигали | Киги́и | Кигали,"merge_degenerate, merge_other"
463,Кем по национальности был философ С. Кьеркегор?,Датчане; Danes; Danish people,29,5,1,датчанин | daneysker | dane из Дания | датчанин | датчанин | датчанин | daneц | датчанин | датчанин | danecter,"merge_degenerate, merge_other"
516,В какой стране произошло восстание под руководством ремесленника Уота Тайлера?,Англия; England; Англии,29,4,1,И英格兰 | Великобритания | Великобритания | Англия | Англия | Англия | Великобритания | Англия | Великобритания | Инглия,"merge_degenerate, merge_other"
803,В какой номинации удостоился премии «Оскар» фильм «Пираты Карибского моря: Сундук мертвеца»?,премия «Оскар» за лучшие визуальные эффекты; Academy Award for Best Visual Effects; Лучшие визуальные эффекты,29,3,9,Лучший фильм | Лучший монтаж аудио в фильме | Лучший монтаж аудио в фильме | Лучший монтаж аудио в фильме | Лучший монтаж аудио в фильме | Лучший монтаж аудио в фильме | Лучший монтаж аудио в фильме | Лучший звук | Лучший фильм | Лучший монтаж аудио в фильме,"merge_other, split_identical"
836,"Президентом какой страны был Нельсон Мандела, признанный лучшим Санта-Клаусом 1996 года?",ЮАР; Азания; Южная Африка,29,3,1,Южная Африка | ЮАР | Южная Африка | ЮАР | ЮАР | ЮАР | ЮАР | Южноафриканской Республики | Южная Африка | Южная Африка,merge_other
6007,К какому архитектурному стилю относится Зимний дворец?,Елизаветинское барокко; Растреллиевское барокко; Elizabethan Baroque,29,3,1,baroque | barokko | barokко | barokko | barokко | barokko | barokко | barokko | barokko | barokко,merge_degenerate
6323,Столицей какой страны является Кингстон?,Ямайка; Джамейка; Commonwealth of Jamaica,29,4,1,Джamaica | Ямайка | jamaica | jamaica | Jamaica | Jamaitка | Ямайка | jamaica | jamaica | jamaica,merge_degenerate
6502,В каком жанре изобразительного искусства работал художник Илья Машков?,портрет; portraiture; portrait art,29,6,2,realist | realist | realist | realist | реализм | Realism | Патриотический реализм | реалистическийestyle | реализм | реалистичныйREALISM,"merge_degenerate, merge_other"
7187,В каком месяце был запущен первый советский спутник Земли?,10; октябрь,29,10,2,октябрь | октябрь | октябрь | okтября | октябрь | октябрь | октябрь | октябрь | okтября | октябрь,merge_subset
185,Какой язык является государственным языком Эфиопии?,амхарский язык; Amharic; амхарском,28,4,1,Амхарский | Ам harari | amharic | amharic | Амharic | Амharic | Амхарский | Амharic | amharic | Амharic,merge_degenerate
2035,Какая компания слилась с компанией Exxon для создания крупнейшей нефтяной корпорации?,Мобил; Mobil; Socony-Vacuum Oil Company,28,4,2,Mobil | Mobil | Мobil | Mobil | Mobil | Mobiliary | Мobil | Mobil | Мобил | Мобил,merge_degenerate
6546,Какое воинское звание было у Сталина?,Маршал Советского Союза; маршал; маршал СССР,28,4,2,Генералиссимус Советского Союза | Генералиссимус | Генералиссимус | Генералиссимус | Генералиссимус СССР | Генералиссимус Советского Союза | Генералиссимус | Генералиссимус СССР | Генералиссимус Союзных армий | Генералиссимус Советского Союза,"merge_other, merge_subset"
6667,Когда возникло христианство?,0050-01-01T00:00:00Z,28,10,3,1世纪前后 | 1世纪前后 | 1世纪前后 | 1世纪前后 | 1世纪前后 | 1世纪前后 | 1 век н.э. | 1世纪前后 | 1世纪公元前后 | 1世纪前后,merge_degenerate
6699,Когда написано Слово о полку Игореве?,1185-01-01T00:00:00Z,28,10,3,XI-XII век | XI-XII век | 12 век | XI-XII век | XI-XII век | XI-XII век | XI-XII век | XI-XIII век | XI-XII век | XI-XII век,merge_subset
7057,В каком месяце завершилось первое в истории кругосветное плавание?,9; девять,28,10,3,апрель | апрель | апрель | апрель | апрель | апрель | апрель | апрель | апреля 1522 | ноябрь,merge_subset
2,Кто автор пьесы «Ромео и Джульетта»?,"Уильям Шекспир; Шекспир, Уильям; Вильям Шекспир",27,3,1,Шекспир | Шекспир | Шекспир | Уильям Шекспир | Шекспир | Шекспир | Уильям Шекспир | William Shakespeare | Уильям Шекспир | Шекспир,"merge_degenerate, merge_subset"
329,В какой стране одно время правили сандинисты?,Никарагуа; Республика Никарагуа; Nicaragua,27,3,1,Nicaragua | Nicaragua | Nicaragua | nicарagua | Nicaragua | Nicaragua | nicарagua | Никарагуа | Nicaragua | nicарagua,merge_degenerate
866,В каком жанре литературы вручается премия Дэвида Геммела?,героическая фэнтези; hero fantasy; heroic fantasy,27,3,1,Исторический роман | Историческая литература | Историческая литература | Историческая литература | Исторический роман | историческая литература | Историческая литература | Историческийroman | Исторический роман | Историческая литература,merge_other
6145,В какой части света находится Австралия?,Океания; Oceania; Океании,27,3,1,Южная | Южная | Южная | Южная | Южнаяhemisphere | Южная часть | Южная часть | Южная | Южная | Южная часть,"merge_degenerate, merge_subset"
6301,На какой реке стоит Вологда?,Вологда; Vologda River,27,6,2,Вологда河 | Вологда河ndefault_value | Вологда河 | Вологодская река | Вологодская река | оВолга | Вологда река | Волга | Вологда河 | Вологда河,"merge_degenerate, merge_other"
