src,uid,question,a,b,lemmas_a,lemmas_b,false_merge,comment
D2,432,Притоком какой реки является Золотая Липа?,Днепр,Днепра,днепр,днепр,0,
D2,644,В каком городе родился советский писатель Валентин Пикуль?,Санкт-Петербург,Санкт-Петербурге,петербург санкт,петербург санкт,0,
D2,316,В каком городе расположен Акрополь?,Афине,Афина,афина,афина,0,model form error: 'Афина' (goddess) vs city 'Афины'; merge is consistent
D2,316,В каком городе расположен Акрополь?,Афина,Афине,афина,афина,0,model form error: 'Афина' (goddess) vs city 'Афины'; merge is consistent
D2,644,В каком городе родился советский писатель Валентин Пикуль?,Санкт-Петербурге,Санкт-Петербург,петербург санкт,петербург санкт,0,
D1,2058,Кто стал чемпионом мира по футболу во Франции в 1998 году?,Франция,сборная Франции по футболу,франция,сборная франция футбол,0,
D2,6433,Какой жанр музыки у Imagine Dragons?,Поп рок,Поп Рока,поп рок,поп рок,0,
D2,1024,Кого или что рисуют художники-анималисты?,Животных,Животные,животное,животное,0,
D2,432,Притоком какой реки является Золотая Липа?,Днепра,Днепр,днепр,днепр,0,
D2,2013,Какое государство в России XVI в. именовали Кызылбашским царством?,Царство Казанское,Казанское царство,казанский царство,казанский царство,0,
D2,6433,Какой жанр музыки у Imagine Dragons?,Поп рок,Поп рока,поп рок,поп рок,0,
D2,235,Какая ветвь философии включает в себя изучение этики и эстетики?,Этика,Этики,этика,этика,0,
D2,1024,Кого или что рисуют художники-анималисты?,Животные,Животных,животное,животное,0,
D1,6100,Какого пола Фейс?,Мужского,мужской пол,мужской,мужской пол,0,
